<?xml version="1.0" encoding="UTF-8" standalone="yes"?>
<addon id="plugin.video.megasearch" name="Mega Search" version="1.8.1" provider-name="Pipcan">
  <requires>
    <import addon="xbmc.python" version="2.7.9"/>
	<import addon="script.module.urlresolver"  version="2.1.2"/>
	<import addon="script.module.addon.common" />
  </requires>
  <extension point="xbmc.python.pluginsource" library="default.py">
        <provides>video</provides>
  </extension>
  <extension point="xbmc.addon.metadata">
    <summary lang="en"></summary>
    <description lang="en"></description>
	<disclaimer lang="en">The author does not host or distribute any of the content displayed by this addon</disclaimer>
    <platform>all</platform>
  </extension>
</addon>
