﻿<?xml version="1.0" encoding="UTF-8" standalone="yes"?>
<addon id="plugin.video.SGUIDE"
    name="Ultimate TV Guide"
    version="1.2"
    provider-name="Pipcan">
  <requires>
<import addon="xbmc.python" version="2.1.0"/>
<import addon="script.module.simplejson" version="3.3.0"/>
<import addon="script.module.urlresolver"  version="2.1.2"/>
<import addon="script.module.addon.common" />
  </requires>
  <extension point="xbmc.python.pluginsource" library="default.py">
    <provides>video</provides>
  </extension>
  <extension point="xbmc.addon.metadata">
    <summary lang="es"></summary>
    <description lang="es"></description>
    <summary lang="en"></summary>
    <description lang="en"></description>
    <platform>all</platform>
  </extension>
</addon>